method,theoretical_order,k,h_coarse,h_fine,approximation,true_error,p_true,p_observed,estimated_error,richardson,richardson_true_error,status
forward_naive,1,1,0.5,0.125,1.0651876245346106,0.06518762453461058,1.0620147258469856,1.1859687424686973,0.05561182724378343,1.0095757972908272,0.009575797290827248,ok
forward_stable,1,1,0.5,0.125,1.0651876245346106,0.06518762453461058,1.0620147258469903,1.185968742468684,0.05561182724378468,1.0095757972908261,0.009575797290826138,ok
central_naive,2,1,0.5,0.125,1.0026062019289235,0.0026062019289234684,2.0033810015616056,2.0168736873803725,0.002573979271553783,1.0000322226573697,3.222265736968488e-05,ok
central_stable,2,1,0.5,0.125,1.0026062019289237,0.0026062019289236904,2.0033810015615137,2.0168736873803623,0.0025739792715538078,1.00003222265737,3.2222657369906926e-05,ok
forward_naive,1,2,0.25,0.0625,1.0319113426857491,0.03191134268574913,1.0305287917517152,1.0915770926808404,0.029420213181473254,1.0024911295042758,0.0024911295042757686,ok
forward_stable,1,2,0.25,0.0625,1.031911342685751,0.03191134268575091,1.0305287917516348,1.0915770926809263,0.02942021318146838,1.0024911295042827,0.002491129504282652,ok
central_naive,2,2,0.25,0.0625,1.000651168835068,0.0006511688350681055,2.000845309465402,2.0042245838035146,0.0006491395192517724,1.0000020293158165,2.029315816498567e-06,ok
central_stable,2,2,0.25,0.0625,1.0006511688350692,0.0006511688350692157,2.0008453094630654,2.00422458380417,0.0006491395192510846,1.0000020293158183,2.029315818274924e-06,ok
forward_naive,1,3,0.125,0.03125,1.0157890399712883,0.015789039971288332,1.0151458590382894,1.0454364261662816,0.015152673486436067,1.0006363664848523,0.0006363664848523243,ok
forward_stable,1,3,0.125,0.03125,1.0157890399712854,0.015789039971285446,1.0151458590386333,1.0454364261657874,0.015152673486450519,1.0006363664848348,0.0006363664848347828,ok
central_naive,2,3,0.125,0.03125,1.000162768364138,0.00016276836413808837,2.0002113310446363,2.0010565324563623,0.00016264128881088194,1.0000001270753271,1.2707532714983927e-07,ok
central_stable,2,3,0.125,0.03125,1.0001627683641374,0.00016276836413742224,2.0002113310530003,2.0010565324504594,0.00016264128881236052,1.0000001270753252,1.2707532515143782e-07,ok
forward_naive,1,4,0.0625,0.015625,1.0078533495478865,0.007853349547886523,1.007543435838042,1.0226301642342324,0.007692459378447606,1.0001608901694388,0.00016089016943876544,ok
forward_stable,1,4,0.0625,0.015625,1.0078533495478879,0.007853349547887856,1.0075434358375335,1.0226301642354167,0.0076924593784310795,1.0001608901694568,0.00016089016945675105,ok
central_naive,2,4,0.0625,0.015625,1.0000406906008728,4.069060087275034e-05,2.0000528330766185,2.0002641572519244,4.068265486154263e-05,1.0000000079460112,7.946011182369261e-09,ok
central_stable,2,4,0.0625,0.015625,1.000040690600875,4.0690600874970784e-05,2.0000528329919876,2.000264157291285,4.068265485910086e-05,1.000000007946016,7.94601606735057e-09,ok
forward_naive,1,5,0.03125,0.0078125,1.00391644242535,0.003916442425349942,1.003764362197443,1.0112930687347361,0.003875988400803228,1.0000404540245467,4.045402454666558e-05,ok
forward_stable,1,5,0.03125,0.0078125,1.0039164424253413,0.003916442425341282,1.0037643622008778,1.0112930687303077,0.003875988400836677,1.0000404540245045,4.0454024504477104e-05,ok
central_naive,2,5,0.03125,0.0078125,1.00001017255709,1.0172557090015744e-05,2.000013207587384,2.0000660411699513,1.0172060394984766e-05,1.000000000496695,4.966949074258764e-10,ok
central_stable,2,5,0.03125,0.0078125,1.0000101725570858,1.0172557085796896e-05,2.000013208264437,2.00006604083143,1.017206040031345e-05,1.0000000004966854,4.966853595078646e-10,ok
forward_naive,1,6,0.015625,0.00390625,1.001955670616951,0.0019556706169510107,1.0018803444159208,1.0056410309141752,0.0019455277465600781,1.0000101428703911,1.0142870391138814e-05,ok
forward_stable,1,6,0.015625,0.00390625,1.0019556706169788,0.0019556706169787663,1.0018803443922555,1.0056410309446304,0.0019455277464421254,1.0000101428705368,1.0142870536800075e-05,ok
central_naive,2,6,0.015625,0.00390625,1.0000025431334336,2.543133433619005e-06,2.00000331233924,2.0000165059782526,2.543102424152093e-06,1.0000000000310094,3.100941725620032e-11,ok
central_stable,2,6,0.015625,0.00390625,1.0000025431334507,2.5431334507164394e-06,2.000003302041704,2.0000165103134884,2.543102406857596e-06,1.000000000031044,3.104405621456863e-11,ok
forward_naive,1,7,0.0078125,0.001953125,1.0009771985934321,0.0009771985934321492,1.0009397132879285,1.0028191396693877,0.0009746591779270182,1.000002539415505,2.5394155049873746e-06,ok
forward_stable,1,7,0.0078125,0.001953125,1.0009771985934397,0.0009771985934396987,1.0009397132972577,1.0028191396128017,0.0009746591780234536,1.0000025394154164,2.539415416391577e-06,ok
central_naive,2,7,0.0078125,0.001953125,1.0000006357829818,6.357829818171012e-07,2.0000008545384036,2.0000041316046078,6.357810562555573e-07,1.0000000000019256,1.9255708139098715e-12,ok
central_stable,2,7,0.0078125,0.001953125,1.000000635782999,6.357829989145358e-07,2.000000825440752,2.0000041275737797,6.357810586240149e-07,1.0000000000019404,1.9404478024398486e-12,ok
forward_naive,1,8,0.00390625,0.0009765625,1.0004884402344487,0.0004884402344487171,1.0004697421936715,1.0014092255878093,0.0004878049169871486,1.0000006353174613,6.35317461306073e-07,ok
forward_stable,1,8,0.00390625,0.0009765625,1.0004884402345322,0.0004884402345322059,1.0004697419582185,1.001409225841756,0.00048780491673979583,1.0000006353177922,6.353177921525344e-07,ok
central_naive,2,8,0.00390625,0.0009765625,1.0000001589456815,1.589456815054291e-07,2.0000005804414682,2.0000009459039876,1.5894562782009947e-07,1.0000000000000535,5.3512749786932545e-14,ok
central_stable,2,8,0.00390625,0.0009765625,1.000000158945727,1.589457270245731e-07,2.000000206076843,2.00000103189529,1.5894560571434851e-07,1.0000000000001215,1.2145839889399213e-13,ok
forward_naive,1,9,0.001953125,0.00048828125,1.0002441803662805,0.00024418036628048867,1.0002348420677507,1.0007045276424904,0.00024402147840926587,1.000000158887871,1.5888787108231384e-07,ok
forward_stable,1,9,0.001953125,0.00048828125,1.000244180366281,0.00024418036628093276,1.000234842311726,1.0007045269278414,0.00024402147873386697,1.000000158887547,1.5888754689719065e-07,ok
central_naive,2,9,0.001953125,0.00048828125,1.000000039736392,3.973639195464784e-08,2.0000010318965202,2.0000004299565632,3.973641406042812e-08,0.9999999999999778,2.220446049250313e-14,ok
central_stable,2,9,0.001953125,0.00048828125,1.0000000397364304,3.9736430368364495e-08,2.0000000503855406,2.0000002579739378,3.973642274483532e-08,1.0000000000000078,7.771561172376096e-15,ok
forward_naive,1,10,0.0009765625,0.000244140625,1.0001220802469106,0.00012208024691062747,1.0001174175693455,1.0003522379003214,0.00012204051904806816,1.0000000397278626,3.972786255523886e-08,ok
forward_stable,1,10,0.0009765625,0.000244140625,1.0001220802472137,0.00012208024721371835,1.0001174139901636,1.0003522419667914,0.00012204051805775501,1.0000000397291562,3.972915618710715e-08,ok
central_naive,2,10,0.0009765625,0.000244140625,1.0000000099339559,9.933955880114809e-09,2.000020638085401,1.9999944965656695,9.934195885918105e-09,0.9999999999997601,2.3991919562149633e-13,ok
central_stable,2,10,0.0009765625,0.000244140625,1.0000000099341075,9.934107536579972e-09,2.000000008061687,2.000000064493492,9.934107018475927e-09,1.0000000000000007,6.661338147750939e-16,ok
forward_naive,1,11,0.00048828125,0.0001220703125,1.0000610376391705,6.103763917053584e-05,1.000058717742734,1.0001761102301105,6.1027707488392385e-05,1.000000009931682,9.931681921315771e-09,ok
forward_stable,1,11,0.00048828125,0.0001220703125,1.0000610376398527,6.103763985265687e-05,1.0000587052018224,1.0001761156122209,6.102770665417108e-05,1.0000000099331983,9.933198263922804e-09,ok
central_naive,2,11,0.00048828125,0.0001220703125,1.0000000024833753,2.4833752831909806e-09,2.000066043857316,2.0000055034343305,2.4835142338346673e-09,0.9999999999998611,1.3888890038060708e-13,ok
central_stable,2,11,0.00048828125,0.0001220703125,1.000000002483527,2.4835269396561444e-09,1.9999999677532536,2.000000021497831,2.4835268162980317e-09,1.0,0.0,ok
forward_naive,1,12,0.000244140625,6.103515625e-05,1.0000305182002194,3.051820021937601e-05,1.0000292791523453,1.0000881545376075,3.0515709569162614e-05,1.0000000024906501,2.4906501305821394e-09,ok
forward_stable,1,12,0.000244140625,6.103515625e-05,1.0000305181990161,3.05181990161163e-05,1.0000293521570822,1.000088056455034,3.051571560332139e-05,1.0000000024834128,2.483412808729213e-09,ok
central_naive,2,12,0.000244140625,6.103515625e-05,1.0000000006211849,6.2118488131091e-10,1.9992076731841735,2.000352263471629,6.205280898119367e-10,1.0000000000006568,6.568079413682426e-13,ok
central_stable,2,12,0.000244140625,6.103515625e-05,1.0000000006208818,6.208817904251873e-10,1.9999998710130216,2.0,6.20881716410319e-10,1.0,0.0,ok
forward_naive,1,13,0.0001220703125,3.0517578125e-05,1.0000152589418576,1.5258941857609898e-05,1.000014962263211,1.0000435956024512,1.525833618987205e-05,1.0000000006056677,6.05667738184934e-10,ok
forward_stable,1,13,0.0001220703125,3.0517578125e-05,1.0000152589442841,1.525894428411334e-05,1.0000146759613382,1.0000440279049494,1.525832341631262e-05,1.0000000006208678,6.20867801615077e-10,ok
central_naive,2,13,0.0001220703125,3.0517578125e-05,1.000000000154614,1.546140993013978e-10,2.0063508321523886,1.996832720921317,1.5597967492400114e-10,0.9999999999986344,1.3655743202889425e-12,ok
central_stable,2,13,0.0001220703125,3.0517578125e-05,1.0000000001552205,1.5522050311744806e-10,1.999999484052201,2.0,1.5522042910257974e-10,1.0,0.0,ok
forward_naive,1,14,6.103515625e-05,1.52587890625e-05,1.000007629438187,7.629438186995685e-06,1.000006191326719,1.0000237330711004,7.629252658335152e-06,1.0000000001855287,1.8552870351129513e-10,ok
forward_stable,1,14,6.103515625e-05,1.52587890625e-05,1.0000076294333364,7.62943333643129e-06,1.000007337968424,1.0000220138422837,7.62927811814866e-06,1.0000000001552183,1.552182826713988e-10,ok
central_naive,2,14,6.103515625e-05,1.52587890625e-05,1.0000000000400178,4.001776687800884e-11,1.9499593175004046,2.0255350921071376,3.7310433812266174e-11,1.0000000000027072,2.7071678232459817e-12,ok
central_stable,2,14,6.103515625e-05,1.52587890625e-05,1.0000000000388052,3.8805181290513246e-11,1.99999793621065,2.0,3.8805107275644936e-11,1.0,0.0,ok
forward_naive,1,15,3.0517578125e-05,7.62939453125e-06,1.0000038146972656,3.814697265625e-06,1.0000082551436233,1.0000041275304805,3.81471909362274e-06,0.9999999999781718,2.1828205909457665e-11,ok
forward_stable,1,15,3.0517578125e-05,7.62939453125e-06,1.0000038147069668,3.814706966753789e-06,1.0000036690192022,1.0000110068896542,3.8146681622386325e-06,1.0000000000388045,3.880451515669847e-11,ok
central_naive,2,15,3.0517578125e-05,7.62939453125e-06,1.000000000007276,7.275957614183426e-12,2.4594316186372973,1.8073549220576042,1.3096723705530167e-11,0.9999999999941792,5.820788295807233e-12,ok
central_stable,2,15,3.0517578125e-05,7.62939453125e-06,1.0000000000097014,9.701350833779543e-12,1.999991744872122,2.0,9.701276818911234e-12,1.0,0.0,ok
forward_naive,1,16,1.52587890625e-05,3.814697265625e-06,1.0000019073486328,1.9073486328125e-06,1.0,1.0000165102400107,1.9073049780659928e-06,1.0000000000436549,4.3654857506680855e-11,ok
forward_stable,1,16,1.52587890625e-05,3.814697265625e-06,1.0000019073510582,1.9073510582057196e-06,1.0000018343661423,1.000005503665263,1.9073413560777388e-06,1.000000000009702,9.702016967594318e-12,ok
central_naive,2,16,1.52587890625e-05,3.814697265625e-06,1.0,0.0,,2.169925001442312,2.0788450326238367e-12,0.9999999999979211,2.0788926136106056e-12,ok
central_stable,2,16,1.52587890625e-05,3.814697265625e-06,1.0000000000024254,2.425393219596117e-12,1.9999669799608402,2.0,2.4253192047278085e-12,1.0,0.0,ok
forward_naive,1,17,7.62939453125e-06,1.9073486328125e-06,1.0000009536743164,9.5367431640625e-07,1.0,1.0,9.5367431640625e-07,1.0,0.0,ok
forward_stable,1,17,7.62939453125e-06,1.9073486328125e-06,1.0000009536749226,9.536749225880214e-07,1.0000009175198492,1.000002751210687,9.536724983188975e-07,1.000000000002424,2.4240609519665668e-12,ok
central_naive,2,17,7.62939453125e-06,1.9073486328125e-06,1.0,0.0,,,,,,roundoff-dominated
central_stable,2,17,7.62939453125e-06,1.9073486328125e-06,1.0000000000006064,6.064038160502605e-13,1.9998679274003848,2.0,6.063298011819521e-13,1.0,0.0,ok
forward_naive,1,18,3.814697265625e-06,9.5367431640625e-07,1.0000004768371582,4.76837158203125e-07,1.0,1.0,4.76837158203125e-07,1.0,0.0,ok
forward_stable,1,18,3.814697265625e-06,9.5367431640625e-07,1.0000004768373099,4.768373098595902e-07,1.0000004581723123,1.0000013768669482,4.7683670256933296e-07,1.000000000000607,6.070699498650356e-13,ok
central_naive,2,18,3.814697265625e-06,9.5367431640625e-07,1.0,0.0,,,,,,roundoff-dominated
central_stable,2,18,3.814697265625e-06,9.5367431640625e-07,1.0000000000001517,1.5165646516379638e-13,1.999471830475196,2.0,1.5158245029548803e-13,1.0,0.0,ok
forward_naive,1,19,1.9073486328125e-06,4.76837158203125e-07,1.000000238418579,2.384185791015625e-07,1.0,1.0,2.384185791015625e-07,1.0,0.0,ok
forward_stable,1,19,1.9073486328125e-06,4.76837158203125e-07,1.000000238418617,2.3841861707118994e-07,1.0000002290862107,1.0000006872583047,2.384184656369858e-07,1.0000000000001512,1.5121237595394632e-13,ok
central_naive,2,19,1.9073486328125e-06,4.76837158203125e-07,1.0,0.0,,,,,,roundoff-dominated
central_stable,2,19,1.9073486328125e-06,4.76837158203125e-07,1.000000000000038,3.7969627442180354e-14,1.9978892534041925,2.0,3.789561257387201e-14,1.0,0.0,ok
forward_naive,1,20,9.5367431640625e-07,2.384185791015625e-07,1.0000001192092896,1.1920928955078125e-07,1.0,1.0,1.1920928955078125e-07,1.0,0.0,ok
forward_stable,1,20,9.5367431640625e-07,2.384185791015625e-07,1.000000119209299,1.1920929909869926e-07,1.0000001142072152,1.0000003439651788,1.1920926112909892e-07,1.000000000000038,3.7969627442180354e-14,ok
central_naive,2,20,9.5367431640625e-07,2.384185791015625e-07,1.0,0.0,,,,,,roundoff-dominated
central_stable,2,20,9.5367431640625e-07,2.384185791015625e-07,1.0000000000000095,9.547918011776346e-15,1.9915877601838,2.0,9.473903143468002e-15,1.0,0.0,ok
forward_naive,1,21,4.76837158203125e-07,1.1920928955078125e-07,1.0000000596046448,5.960464477539063e-08,1.0,1.0,5.960464477539063e-08,1.0,0.0,ok
forward_stable,1,21,4.76837158203125e-07,1.1920928955078125e-07,1.0000000596046472,5.960464721788128e-08,1.000000056431804,1.0000001719826201,5.9604637669966656e-08,1.0000000000000095,9.547918011776346e-15,ok
central_naive,2,21,4.76837158203125e-07,1.1920928955078125e-07,1.0,0.0,,,,,,roundoff-dominated
central_stable,2,21,4.76837158203125e-07,1.1920928955078125e-07,1.0000000000000024,2.4424906541753444e-15,1.9668331360648008,2.0,2.3684757858670005e-15,1.0,0.0,ok
forward_naive,1,22,2.384185791015625e-07,5.960464477539063e-08,1.0000000298023224,2.9802322387695312e-08,1.0,1.0,2.9802322387695312e-08,1.0,0.0,ok
forward_stable,1,22,2.384185791015625e-07,5.960464477539063e-08,1.000000029802323,2.980232305382913e-08,1.0000000268722884,1.0000000859913178,2.9802320611338897e-08,1.0000000000000024,2.4424906541753444e-15,ok
central_naive,2,22,2.384185791015625e-07,5.960464477539063e-08,1.0,0.0,,,,,,roundoff-dominated
central_stable,2,22,2.384185791015625e-07,5.960464477539063e-08,1.0000000000000007,6.661338147750939e-16,1.874469117916141,2.0,5.921189464667501e-16,1.0,0.0,ok
forward_naive,1,23,1.1920928955078125e-07,2.9802322387695312e-08,1.0000000149011612,1.4901161193847656e-08,1.0,1.0,1.4901161193847656e-08,1.0,0.0,ok
forward_stable,1,23,1.1920928955078125e-07,2.9802322387695312e-08,1.0000000149011614,1.490116141589226e-08,1.0000000107489155,1.0000000429956608,1.49011607497585e-08,1.0000000000000007,6.661338147750939e-16,ok
central_naive,2,23,1.1920928955078125e-07,2.9802322387695312e-08,1.0,0.0,,,,,,roundoff-dominated
central_stable,2,23,1.1920928955078125e-07,2.9802322387695312e-08,1.0000000000000002,2.220446049250313e-16,1.584962500721156,2.0,1.4802973661668753e-16,1.0,0.0,ok
forward_naive,1,24,5.960464477539063e-08,1.4901161193847656e-08,1.0,0.0,,0.0,,,,roundoff-dominated
forward_stable,1,24,5.960464477539063e-08,1.4901161193847656e-08,1.0000000074505806,7.450580596923828e-09,1.0000000214978313,1.0,7.450580818968433e-09,0.9999999999999998,2.220446049250313e-16,ok
central_naive,2,24,5.960464477539063e-08,1.4901161193847656e-08,1.0,0.0,,,,,,roundoff-dominated
central_stable,2,24,5.960464477539063e-08,1.4901161193847656e-08,1.0,0.0,,1.0,2.220446049250313e-16,0.9999999999999998,2.220446049250313e-16,ok
forward_naive,1,25,2.9802322387695312e-08,7.450580596923828e-09,1.0,0.0,,,,,,roundoff-dominated
forward_stable,1,25,2.9802322387695312e-08,7.450580596923828e-09,1.0000000037252903,3.725290298461914e-09,1.0,1.0000000429956621,3.7252900764173224e-09,1.0,0.0,ok
central_naive,2,25,2.9802322387695312e-08,7.450580596923828e-09,1.0,0.0,,,,,,roundoff-dominated
central_stable,2,25,2.9802322387695312e-08,7.450580596923828e-09,1.0,0.0,,,,,,roundoff-dominated
forward_naive,1,26,1.4901161193847656e-08,3.725290298461914e-09,1.0,0.0,,,,,,roundoff-dominated
forward_stable,1,26,1.4901161193847656e-08,3.725290298461914e-09,1.0000000018626451,1.862645149230957e-09,1.0,1.0,1.862645149230957e-09,1.0,0.0,ok
central_naive,2,26,1.4901161193847656e-08,3.725290298461914e-09,1.0,0.0,,,,,,roundoff-dominated
central_stable,2,26,1.4901161193847656e-08,3.725290298461914e-09,1.0,0.0,,,,,,roundoff-dominated
forward_naive,1,27,7.450580596923828e-09,1.862645149230957e-09,1.0,0.0,,,,,,roundoff-dominated
forward_stable,1,27,7.450580596923828e-09,1.862645149230957e-09,1.0000000009313224,9.313223525708736e-10,1.0000003439653427,0.9999996560347393,9.31323240749505e-10,0.9999999999999991,8.881784197001252e-16,ok
central_naive,2,27,7.450580596923828e-09,1.862645149230957e-09,1.0,0.0,,,,,,roundoff-dominated
central_stable,2,27,7.450580596923828e-09,1.862645149230957e-09,1.0,0.0,,,,,,roundoff-dominated
forward_naive,1,28,3.725290298461914e-09,9.313225746154785e-10,1.0,0.0,,,,,,roundoff-dominated
forward_stable,1,28,3.725290298461914e-09,9.313225746154785e-10,1.0000000004656613,4.656612873077393e-10,0.9999996560346572,1.0000010318960282,4.6566039913027247e-10,1.000000000000001,1.1102230246251565e-15,ok
central_naive,2,28,3.725290298461914e-09,9.313225746154785e-10,1.0,0.0,,,,,,roundoff-dominated
central_stable,2,28,3.725290298461914e-09,9.313225746154785e-10,1.0,0.0,,,,,,roundoff-dominated
forward_naive,1,29,1.862645149230957e-09,4.656612873077393e-10,1.0,0.0,,,,,,roundoff-dominated
forward_stable,1,29,1.862645149230957e-09,4.656612873077393e-10,1.0000000002328306,2.3283064365386963e-10,1.0,0.9999993120692325,2.328308656986863e-10,0.9999999999999998,2.220446049250313e-16,ok
central_naive,2,29,1.862645149230957e-09,4.656612873077393e-10,1.0,0.0,,,,,,roundoff-dominated
central_stable,2,29,1.862645149230957e-09,4.656612873077393e-10,1.0,0.0,,,,,,roundoff-dominated
forward_naive,1,30,9.313225746154785e-10,2.3283064365386963e-10,1.0,0.0,,,,,,roundoff-dominated
forward_stable,1,30,9.313225746154785e-10,2.3283064365386963e-10,1.0000000001164153,1.1641532182693481e-10,1.0,1.0,1.1641532182693481e-10,1.0,0.0,ok
central_naive,2,30,9.313225746154785e-10,2.3283064365386963e-10,1.0,0.0,,,,,,roundoff-dominated
central_stable,2,30,9.313225746154785e-10,2.3283064365386963e-10,1.0,0.0,,,,,,roundoff-dominated
forward_naive,1,31,4.656612873077393e-10,1.1641532182693481e-10,1.0,0.0,,,,,,roundoff-dominated
forward_stable,1,31,4.656612873077393e-10,1.1641532182693481e-10,1.0000000000582077,5.820766091346741e-11,1.0,1.0,5.820766091346741e-11,1.0,0.0,ok
central_naive,2,31,4.656612873077393e-10,1.1641532182693481e-10,1.0,0.0,,,,,,roundoff-dominated
central_stable,2,31,4.656612873077393e-10,1.1641532182693481e-10,1.0,0.0,,,,,,roundoff-dominated
forward_naive,1,32,2.3283064365386963e-10,5.820766091346741e-11,1.0,0.0,,,,,,roundoff-dominated
forward_stable,1,32,2.3283064365386963e-10,5.820766091346741e-11,1.0000000000291038,2.9103830456733704e-11,1.0,1.0,2.9103830456733704e-11,1.0,0.0,ok
central_naive,2,32,2.3283064365386963e-10,5.820766091346741e-11,1.0,0.0,,,,,,roundoff-dominated
central_stable,2,32,2.3283064365386963e-10,5.820766091346741e-11,1.0,0.0,,,,,,roundoff-dominated
forward_naive,1,33,1.1641532182693481e-10,2.9103830456733704e-11,1.0,0.0,,,,,,roundoff-dominated
forward_stable,1,33,1.1641532182693481e-10,2.9103830456733704e-11,1.000000000014552,1.4551915228366852e-11,1.0,1.0,1.4551915228366852e-11,1.0,0.0,ok
central_naive,2,33,1.1641532182693481e-10,2.9103830456733704e-11,1.0,0.0,,,,,,roundoff-dominated
central_stable,2,33,1.1641532182693481e-10,2.9103830456733704e-11,1.0,0.0,,,,,,roundoff-dominated
forward_naive,1,34,5.820766091346741e-11,1.4551915228366852e-11,1.0,0.0,,,,,,roundoff-dominated
forward_stable,1,34,5.820766091346741e-11,1.4551915228366852e-11,1.000000000007276,7.275957614183426e-12,1.0,1.0,7.275957614183426e-12,1.0,0.0,ok
central_naive,2,34,5.820766091346741e-11,1.4551915228366852e-11,1.0,0.0,,,,,,roundoff-dominated
central_stable,2,34,5.820766091346741e-11,1.4551915228366852e-11,1.0,0.0,,,,,,roundoff-dominated
forward_naive,1,35,2.9103830456733704e-11,7.275957614183426e-12,1.0,0.0,,,,,,roundoff-dominated
forward_stable,1,35,2.9103830456733704e-11,7.275957614183426e-12,1.000000000003638,3.637978807091713e-12,1.0,1.0,3.637978807091713e-12,1.0,0.0,ok
central_naive,2,35,2.9103830456733704e-11,7.275957614183426e-12,1.0,0.0,,,,,,roundoff-dominated
central_stable,2,35,2.9103830456733704e-11,7.275957614183426e-12,1.0,0.0,,,,,,roundoff-dominated
forward_naive,1,36,1.4551915228366852e-11,3.637978807091713e-12,1.0,0.0,,,,,,roundoff-dominated
forward_stable,1,36,1.4551915228366852e-11,3.637978807091713e-12,1.000000000001819,1.8189894035458565e-12,1.0,1.0,1.8189894035458565e-12,1.0,0.0,ok
central_naive,2,36,1.4551915228366852e-11,3.637978807091713e-12,1.0,0.0,,,,,,roundoff-dominated
central_stable,2,36,1.4551915228366852e-11,3.637978807091713e-12,1.0,0.0,,,,,,roundoff-dominated
forward_naive,1,37,7.275957614183426e-12,1.8189894035458565e-12,1.0,0.0,,,,,,roundoff-dominated
forward_stable,1,37,7.275957614183426e-12,1.8189894035458565e-12,1.0000000000009095,9.094947017729282e-13,1.0,1.0,9.094947017729282e-13,1.0,0.0,ok
central_naive,2,37,7.275957614183426e-12,1.8189894035458565e-12,1.0,0.0,,,,,,roundoff-dominated
central_stable,2,37,7.275957614183426e-12,1.8189894035458565e-12,1.0,0.0,,,,,,roundoff-dominated
forward_naive,1,38,3.637978807091713e-12,9.094947017729282e-13,1.0,0.0,,,,,,roundoff-dominated
forward_stable,1,38,3.637978807091713e-12,9.094947017729282e-13,1.0000000000004547,4.547473508864641e-13,1.0,1.0,4.547473508864641e-13,1.0,0.0,ok
central_naive,2,38,3.637978807091713e-12,9.094947017729282e-13,1.0,0.0,,,,,,roundoff-dominated
central_stable,2,38,3.637978807091713e-12,9.094947017729282e-13,1.0,0.0,,,,,,roundoff-dominated
forward_naive,1,39,1.8189894035458565e-12,4.547473508864641e-13,1.0,0.0,,,,,,roundoff-dominated
forward_stable,1,39,1.8189894035458565e-12,4.547473508864641e-13,1.0000000000002274,2.2737367544323206e-13,1.0,1.0,2.2737367544323206e-13,1.0,0.0,ok
central_naive,2,39,1.8189894035458565e-12,4.547473508864641e-13,1.0,0.0,,,,,,roundoff-dominated
central_stable,2,39,1.8189894035458565e-12,4.547473508864641e-13,1.0,0.0,,,,,,roundoff-dominated
forward_naive,1,40,9.094947017729282e-13,2.2737367544323206e-13,1.0,0.0,,,,,,roundoff-dominated
forward_stable,1,40,9.094947017729282e-13,2.2737367544323206e-13,1.0000000000001137,1.1368683772161603e-13,1.0,1.0,1.1368683772161603e-13,1.0,0.0,ok
central_naive,2,40,9.094947017729282e-13,2.2737367544323206e-13,1.0,0.0,,,,,,roundoff-dominated
central_stable,2,40,9.094947017729282e-13,2.2737367544323206e-13,1.0,0.0,,,,,,roundoff-dominated
forward_naive,1,41,4.547473508864641e-13,1.1368683772161603e-13,1.0,0.0,,,,,,roundoff-dominated
forward_stable,1,41,4.547473508864641e-13,1.1368683772161603e-13,1.0000000000000568,5.684341886080802e-14,1.0,1.0,5.684341886080802e-14,1.0,0.0,ok
central_naive,2,41,4.547473508864641e-13,1.1368683772161603e-13,1.0,0.0,,,,,,roundoff-dominated
central_stable,2,41,4.547473508864641e-13,1.1368683772161603e-13,1.0,0.0,,,,,,roundoff-dominated
forward_naive,1,42,2.2737367544323206e-13,5.684341886080802e-14,1.0,0.0,,,,,,roundoff-dominated
forward_stable,1,42,2.2737367544323206e-13,5.684341886080802e-14,1.0000000000000284,2.842170943040401e-14,1.0,1.0,2.842170943040401e-14,1.0,0.0,ok
central_naive,2,42,2.2737367544323206e-13,5.684341886080802e-14,1.0,0.0,,,,,,roundoff-dominated
central_stable,2,42,2.2737367544323206e-13,5.684341886080802e-14,1.0,0.0,,,,,,roundoff-dominated
forward_naive,1,43,1.1368683772161603e-13,2.842170943040401e-14,1.0,0.0,,,,,,roundoff-dominated
forward_stable,1,43,1.1368683772161603e-13,2.842170943040401e-14,1.0000000000000142,1.4210854715202004e-14,1.0,1.0,1.4210854715202004e-14,1.0,0.0,ok
central_naive,2,43,1.1368683772161603e-13,2.842170943040401e-14,1.0,0.0,,,,,,roundoff-dominated
central_stable,2,43,1.1368683772161603e-13,2.842170943040401e-14,1.0,0.0,,,,,,roundoff-dominated
forward_naive,1,44,5.684341886080802e-14,1.4210854715202004e-14,1.0,0.0,,,,,,roundoff-dominated
forward_stable,1,44,5.684341886080802e-14,1.4210854715202004e-14,1.000000000000007,7.105427357601002e-15,1.0,1.0,7.105427357601002e-15,1.0,0.0,ok
central_naive,2,44,5.684341886080802e-14,1.4210854715202004e-14,1.0,0.0,,,,,,roundoff-dominated
central_stable,2,44,5.684341886080802e-14,1.4210854715202004e-14,1.0,0.0,,,,,,roundoff-dominated
forward_naive,1,45,2.842170943040401e-14,7.105427357601002e-15,1.0,0.0,,,,,,roundoff-dominated
forward_stable,1,45,2.842170943040401e-14,7.105427357601002e-15,1.0000000000000036,3.552713678800501e-15,1.0,1.0,3.552713678800501e-15,1.0,0.0,ok
central_naive,2,45,2.842170943040401e-14,7.105427357601002e-15,1.0,0.0,,,,,,roundoff-dominated
central_stable,2,45,2.842170943040401e-14,7.105427357601002e-15,1.0,0.0,,,,,,roundoff-dominated
forward_naive,1,46,1.4210854715202004e-14,3.552713678800501e-15,1.0,0.0,,,,,,roundoff-dominated
forward_stable,1,46,1.4210854715202004e-14,3.552713678800501e-15,1.0000000000000018,1.7763568394002505e-15,1.0,1.0,1.7763568394002505e-15,1.0,0.0,ok
central_naive,2,46,1.4210854715202004e-14,3.552713678800501e-15,1.0,0.0,,,,,,roundoff-dominated
central_stable,2,46,1.4210854715202004e-14,3.552713678800501e-15,1.0,0.0,,,,,,roundoff-dominated
forward_naive,1,47,7.105427357601002e-15,1.7763568394002505e-15,1.0,0.0,,,,,,roundoff-dominated
forward_stable,1,47,7.105427357601002e-15,1.7763568394002505e-15,1.0000000000000009,8.881784197001252e-16,1.0,1.0,8.881784197001252e-16,1.0,0.0,ok
central_naive,2,47,7.105427357601002e-15,1.7763568394002505e-15,1.0,0.0,,,,,,roundoff-dominated
central_stable,2,47,7.105427357601002e-15,1.7763568394002505e-15,1.0,0.0,,,,,,roundoff-dominated
forward_naive,1,48,3.552713678800501e-15,8.881784197001252e-16,1.0,0.0,,,,,,roundoff-dominated
forward_stable,1,48,3.552713678800501e-15,8.881784197001252e-16,1.0000000000000004,4.440892098500626e-16,1.0,1.0,4.440892098500626e-16,1.0,0.0,ok
central_naive,2,48,3.552713678800501e-15,8.881784197001252e-16,1.0,0.0,,,,,,roundoff-dominated
central_stable,2,48,3.552713678800501e-15,8.881784197001252e-16,1.0,0.0,,,,,,roundoff-dominated
forward_naive,1,49,1.7763568394002505e-15,4.440892098500626e-16,1.0,0.0,,,,,,roundoff-dominated
forward_stable,1,49,1.7763568394002505e-15,4.440892098500626e-16,1.0000000000000002,2.220446049250313e-16,1.0,1.0,2.220446049250313e-16,1.0,0.0,ok
central_naive,2,49,1.7763568394002505e-15,4.440892098500626e-16,1.0,0.0,,,,,,roundoff-dominated
central_stable,2,49,1.7763568394002505e-15,4.440892098500626e-16,1.0,0.0,,,,,,roundoff-dominated
forward_naive,1,50,8.881784197001252e-16,2.220446049250313e-16,1.0,0.0,,,,,,roundoff-dominated
forward_stable,1,50,8.881784197001252e-16,2.220446049250313e-16,1.0000000000000002,2.220446049250313e-16,0.0,,,,,roundoff-dominated
central_naive,2,50,8.881784197001252e-16,2.220446049250313e-16,1.0,0.0,,,,,,roundoff-dominated
central_stable,2,50,8.881784197001252e-16,2.220446049250313e-16,1.0,0.0,,,,,,roundoff-dominated
forward_naive,1,51,4.440892098500626e-16,1.1102230246251565e-16,0.0,1.0,,,,,,roundoff-dominated
forward_stable,1,51,4.440892098500626e-16,1.1102230246251565e-16,1.0,0.0,,,,,,roundoff-dominated
central_naive,2,51,4.440892098500626e-16,1.1102230246251565e-16,0.5,0.5,,,,,,roundoff-dominated
central_stable,2,51,4.440892098500626e-16,1.1102230246251565e-16,1.0,0.0,,,,,,roundoff-dominated
forward_naive,1,52,2.220446049250313e-16,5.551115123125783e-17,0.0,1.0,0.0,,,,,roundoff-dominated
forward_stable,1,52,2.220446049250313e-16,5.551115123125783e-17,1.0,0.0,,,,,,roundoff-dominated
central_naive,2,52,2.220446049250313e-16,5.551115123125783e-17,0.0,1.0,-1.0,0.0,,,,roundoff-dominated
central_stable,2,52,2.220446049250313e-16,5.551115123125783e-17,1.0,0.0,,,,,,roundoff-dominated
forward_naive,1,53,1.1102230246251565e-16,2.7755575615628914e-17,0.0,1.0,0.0,,,,,roundoff-dominated
forward_stable,1,53,1.1102230246251565e-16,2.7755575615628914e-17,1.0,0.0,,,,,,roundoff-dominated
central_naive,2,53,1.1102230246251565e-16,2.7755575615628914e-17,0.0,1.0,0.0,,,,,roundoff-dominated
central_stable,2,53,1.1102230246251565e-16,2.7755575615628914e-17,1.0,0.0,,,,,,roundoff-dominated
forward_naive,1,54,5.551115123125783e-17,1.3877787807814457e-17,0.0,1.0,0.0,,,,,roundoff-dominated
forward_stable,1,54,5.551115123125783e-17,1.3877787807814457e-17,1.0,0.0,,,,,,roundoff-dominated
central_naive,2,54,5.551115123125783e-17,1.3877787807814457e-17,0.0,1.0,0.0,,,,,roundoff-dominated
central_stable,2,54,5.551115123125783e-17,1.3877787807814457e-17,1.0,0.0,,,,,,roundoff-dominated
forward_naive,1,55,2.7755575615628914e-17,6.938893903907228e-18,0.0,1.0,0.0,,,,,roundoff-dominated
forward_stable,1,55,2.7755575615628914e-17,6.938893903907228e-18,1.0,0.0,,,,,,roundoff-dominated
central_naive,2,55,2.7755575615628914e-17,6.938893903907228e-18,0.0,1.0,0.0,,,,,roundoff-dominated
central_stable,2,55,2.7755575615628914e-17,6.938893903907228e-18,1.0,0.0,,,,,,roundoff-dominated
